,Content,Type,ID,Flavour,BrewID,12,16,24,32,Other
695,22.0,IBU,382,American Brown Ale,546,,Common Sense Kentucky Common Ale,,,
1111,70.0,IBU,381,American IPA,546,Upstate I.P.W.,,,,
4160,30.0,IBU,392,Maibock / Helles Bock,545,Rumspringa Golden Bock,,,,
3986,28.0,IBU,195,Kölsch,545,Lancaster German Style Kölsch,,,,
1956,55.0,IBU,413,American Pale Ale (APA),541,Sky High Rye,,,,
1958,52.0,IBU,433,American Pale Ale (APA),539,Greenville Pale Ale,,,,
1130,52.0,IBU,516,American IPA,533,Jockamo IPA,,,,
4520,40.0,IBU,26,Schwarzbier,530,,Black Noddy Lager (Current),,,
3930,35.0,IBU,27,Herbed / Spiced Beer,530,,Original Orange Blossom Ale (Current),,,
397,85.0,IBU,383,American Black Ale,530,,Black Adder IBA (Current),,,
66,42.0,IBU,28,American Amber / Red Ale,530,,Tule Duck Red Ale (Current),,,
1117,69.0,IBU,428,American IPA,528,Shiva IPA,,,,
3989,27.0,IBU,550,Kölsch,528,Rocket Girl,,,,
2742,26.0,IBU,429,American Porter,528,Ninja Porter,,,,
1138,55.0,IBU,558,American IPA,527,I-10 IPA,,,,
1964,28.0,IBU,553,American Pale Ale (APA),527,People's Pale Ale,,,,
2690,29.0,IBU,567,American Pilsner,526,Churchkey Pilsner Style Beer,,,,
4210,27.0,IBU,513,Munich Helles Lager,525,Bomb Lager (Old Recipe),,,,
486,27.0,IBU,597,American Blonde Ale,523,This Season's Blonde,,,,
1144,67.0,IBU,596,American IPA,523,Independence Pass Ale,,,,
2422,28.0,IBU,607,American Pale Lager,521,Underdog Atlantic Lager,,,,
1145,60.0,IBU,608,American IPA,521,Snake Dog IPA,,,,
1152,65.0,IBU,641,American IPA,520,,Hoppy Boy,,,
1148,55.0,IBU,632,American IPA,519,House Brand IPA,,,,
3363,32.0,IBU,643,Czech Pilsener,519,Big River Pilsner,,,,
1973,36.0,IBU,668,American Pale Ale (APA),517,Mucho Aloha Hawaiian Pale Ale,,,,
341,25.0,IBU,673,American Amber / Red Lager,516,,Dottie Seattle Lager,,,
4252,29.0,IBU,659,Oatmeal Stout,515,,Crabtree Oatmeal Stout,,,
398,71.0,IBU,556,American Black Ale,515,,Eclipse Black IPA,,,
1169,65.0,IBU,759,American IPA,510,,Double Haul IPA (2009),,,
1168,65.0,IBU,758,American IPA,510,,Double Haul IPA (2006),,,
1937,50.0,IBU,87,American Pale Ale (APA),510,,Eddy Out Pale Ale,,,
1086,65.0,IBU,86,American IPA,510,,Double Haul IPA,,,
1170,83.0,IBU,762,American IPA,509,,Ace IPA,,,
2746,31.0,IBU,761,American Porter,509,,P-51 Porter,,,
4577,35.0,IBU,787,Scottish Ale,503,Old Chub (2008),,,,
1984,65.0,IBU,744,American Pale Ale (APA),503,Dale's Pale Ale (2006),,,,
1981,65.0,IBU,741,American Pale Ale (APA),503,Dale's Pale Ale (2002),,,,
861,60.0,IBU,733,American Double / Imperial IPA,503,Gordon Beer (2006),,,,
4360,98.0,IBU,803,Russian Imperial Stout,503,Ten Fidy Imperial Stout (2007),,,,
4361,98.0,IBU,804,Russian Imperial Stout,503,Ten Fidy Imperial Stout (2008),,,,
4576,35.0,IBU,786,Scottish Ale,503,Old Chub (2004),,,,
1985,65.0,IBU,745,American Pale Ale (APA),503,Dale's Pale Ale (2008),,,,
1982,65.0,IBU,742,American Pale Ale (APA),503,Dale's Pale Ale (2003),,,,
1983,65.0,IBU,743,American Pale Ale (APA),503,Dale's Pale Ale (2004),,,,
864,85.0,IBU,805,American Double / Imperial IPA,503,Gordon (2005),,,,
4575,35.0,IBU,785,Scottish Ale,503,Old Chub (2003),,,,
2519,22.0,IBU,824,American Pale Wheat Ale,500,Tonganoxie Honey Wheat,,,,
4647,22.0,IBU,855,Vienna Lager,498,Special Amber,,,,
4641,22.0,IBU,445,Vienna Lager,498,Special Amber,,,,
111,49.0,IBU,871,American Amber / Red Ale,496,Dry Dock Amber Ale,,,,
1182,100.0,IBU,881,American IPA,496,Hop Abomination,,,,
2749,55.0,IBU,917,American Porter,494,,Becky's Black Cat Porter,,,
1186,105.0,IBU,918,American IPA,494,,Frankenlou's IPA,,,
1155,64.0,IBU,648,American IPA,493,Fairweather IPA,,,,
116,27.0,IBU,924,American Amber / Red Ale,491,,Deadicated Amber,,,
1165,85.0,IBU,730,American IPA,491,,California Sunshine Rye IPA,,,
1135,80.0,IBU,544,American IPA,490,,Old Elephant Foot IPA,,,
2980,40.0,IBU,692,American White IPA,489,Blue Point White IPA,,,,
4643,28.0,IBU,665,Vienna Lager,489,Toasted Lager,,,,
1142,44.0,IBU,583,American IPA,487,Long Hammer IPA,,,,
1189,44.0,IBU,945,American IPA,487,,Long Hammer IPA,,,
87,27.0,IBU,339,American Amber / Red Ale,487,Copper Hook (2011),,,,
120,31.0,IBU,953,American Amber / Red Ale,486,,Wisco Disco,,,
121,32.0,IBU,961,American Amber / Red Ale,485,Mac's Scottish Style Amber Ale (2000),,,,
2010,38.0,IBU,965,American Pale Ale (APA),483,Field 41 Pale Ale,,,,
1193,70.0,IBU,966,American IPA,483,Topcutter India Pale Ale,,,,
3768,22.0,IBU,969,German Pilsener,482,,Capital Gold Golden Lager,,,
1194,75.0,IBU,970,American IPA,482,,Des Moines IPA,,,
507,21.0,IBU,968,American Blonde Ale,482,,Farmer John's Multi-Grain Ale,,,
1195,75.0,IBU,972,American IPA,481,,Rude Parrot IPA,,,
842,82.0,IBU,47,American Double / Imperial IPA,481,,Ballz Deep Double IPA,,,
3553,30.0,IBU,866,English Pale Ale,481,,British Pale Ale (2010),,,
3547,30.0,IBU,48,English Pale Ale,481,,British Pale Ale,,,
1198,45.0,IBU,990,American IPA,479,Loose Cannon,,,,
4110,30.0,IBU,989,Märzen / Oktoberfest,479,AARGHtoberfest!,,,,
692,36.0,IBU,308,American Brown Ale,478,Good People American Brown Ale,,,,
844,103.0,IBU,312,American Double / Imperial IPA,478,Snake Handler Double IPA,,,,
1100,64.0,IBU,309,American IPA,478,Good People IPA,,,,
2013,36.0,IBU,1000,American Pale Ale (APA),478,Good People Pale Ale,,,,
4248,54.0,IBU,311,Oatmeal Stout,478,Coffee Oatmeal Stout,,,,
714,55.0,IBU,1021,American Brown Ale,475,Watership Brown Ale,,,,
1187,55.0,IBU,938,American IPA,475,Gangway IPA,,,,
124,31.0,IBU,1057,American Amber / Red Ale,472,,South Ridge Amber Ale,,,
3991,23.0,IBU,681,Kölsch,472,,Summertime Ale,,,
1969,45.0,IBU,602,American Pale Ale (APA),471,,Boji Blue Pale Ale,,,
715,26.0,IBU,1058,American Brown Ale,471,,33 Select Brown Ale,,,
4419,29.0,IBU,603,Saison / Farmhouse Ale,471,,Midwest Charm Farmhouse Ale,,,
2877,26.0,IBU,601,American Stout,471,,Winter Games Select #32 Stout,,,
4382,23.0,IBU,600,Rye Beer,471,,Boji Beach Golden Rye Ale,,,
2019,42.0,IBU,1082,American Pale Ale (APA),469,RecreationAle,,,,
2023,30.0,IBU,1106,American Pale Ale (APA),466,Pablo Beach Pale Ale,,,,
1214,70.0,IBU,1109,American IPA,464,Descender IPA,,,,
345,26.0,IBU,1165,American Amber / Red Lager,462,Colorado Native,,,,
337,26.0,IBU,431,American Amber / Red Lager,462,Colorado Native (2011),,,,
1180,80.0,IBU,857,American IPA,460,Interurban IPA,,,,
2001,45.0,IBU,875,American Pale Ale (APA),460,Fremont Summer Ale,,,,
1999,30.0,IBU,858,American Pale Ale (APA),460,Universale Pale Ale,,,,
4423,35.0,IBU,901,Saison / Farmhouse Ale,460,Harvest Ale,,,,
1229,75.0,IBU,1199,American IPA,457,Indian Paintbrush IPA,,,,
2038,40.0,IBU,1210,American Pale Ale (APA),454,Mirror Pond Pale Ale,,,,
516,46.0,IBU,1159,American Blonde Ale,453,Mother Ale,,,,
3951,55.0,IBU,1213,Irish Dry Stout,453,Chuli Stout,,,,
1190,71.0,IBU,947,American IPA,453,Twister Creek India Pale Ale,,,,
3962,46.0,IBU,929,Irish Red Ale,453,Single Engine Red,,,,
2040,42.0,IBU,1226,American Pale Ale (APA),450,,Three Skulls Ale Pale Ale,,,
876,95.0,IBU,1229,American Double / Imperial IPA,449,Dodgy Knight Imperial IPA,,,,
3855,28.0,IBU,361,Hefeweizen,449,TailGate Hefeweizen,,,,
1160,44.0,IBU,663,American IPA,449,,,TailGate IPA,,
3863,28.0,IBU,623,Hefeweizen,449,,,TailGate Hefeweizen,,
1159,44.0,IBU,662,American IPA,449,TailGate IPA,,,,
4732,21.0,IBU,1236,Witbier,448,Pace Setter Belgian Style Wit,,,,
2760,34.0,IBU,1237,American Porter,448,Pit Stop Chocolate Porter,,,,
2016,53.0,IBU,1047,American Pale Ale (APA),448,Back in the Saddle Rye Pale Ale,,,,
2041,35.0,IBU,1240,American Pale Ale (APA),447,Stump Knocker Pale Ale,,,,
4257,38.0,IBU,1239,Oatmeal Stout,447,Midnight Oil,,,,
1237,50.0,IBU,1242,American IPA,447,Big Nose,,,,
2045,43.0,IBU,1257,American Pale Ale (APA),444,,Jack Pine Savage,,,
878,76.0,IBU,1255,American Double / Imperial IPA,444,,Bad Axe Imperial IPA,,,
1197,50.0,IBU,985,American IPA,444,,Bark Bite IPA,,,
4386,85.0,IBU,1256,Rye Beer,444,,Forest Fire Imperial Smoked Rye,,,
4253,35.0,IBU,986,Oatmeal Stout,444,,Morning Wood,,,
1240,66.0,IBU,1258,American IPA,442,5 Day IPA,,,,
2744,24.0,IBU,694,American Porter,441,,Cache La Porter,,,
3992,22.0,IBU,696,Kölsch,441,,Old Town Ale,,,
1975,48.0,IBU,697,American Pale Ale (APA),441,,Stimulator Pale Ale,,,
3965,23.0,IBU,1268,Irish Red Ale,441,,Rustic Red,,,
3467,28.0,IBU,695,English Bitter,441,,Car 21,,,
3521,47.0,IBU,566,English India Pale Ale (IPA),437,East India Pale Ale,,,,
3524,47.0,IBU,1279,English India Pale Ale (IPA),437,,East India Pale Ale,,,
3373,32.0,IBU,1283,Czech Pilsener,436,,Na Zdraví Pilsner,,,
1241,65.0,IBU,1282,American IPA,436,,Nice Rack IPA,,,
3608,42.0,IBU,1259,Extra Special / Strong Bitter (ESB),433,13 Rebels ESB,,,,
4542,24.0,IBU,1260,Scotch Ale / Wee Heavy,433,Wee-Heavy-Er Scotch Ale,,,,
3998,32.0,IBU,1300,Kölsch,433,Gateway Kolsch Style Ale,,,,
1245,60.0,IBU,1302,American IPA,432,Blur India Pale Ale,,,,
1246,65.0,IBU,1309,American IPA,430,Face Plant IPA,,,,
3375,55.0,IBU,1308,Czech Pilsener,430,Rhino Chasers Pilsner,,,,
1247,45.0,IBU,1322,American IPA,429,,Green Bullet Organic India Pale Ale,,,
716,30.0,IBU,1077,American Brown Ale,428,Schlafly American Brown Ale,,,,
2541,45.0,IBU,1324,American Pale Wheat Ale,428,Schlafly Yakima Wheat Ale,,,,
1210,30.0,IBU,1078,American IPA,428,Schlafly IPA,,,,
1055,50.0,IBU,1333,American Double / Imperial Stout,426,Quakertown Stout,,,,
3051,45.0,IBU,928,Belgian IPA,424,Belgorado,,,,
1940,40.0,IBU,145,American Pale Ale (APA),424,Silverback Pale Ale,,,,
3316,30.0,IBU,1351,Cream Ale,423,,Grazias,,,
1249,86.0,IBU,1346,American IPA,423,,Habitus IPA,,,
1053,85.0,IBU,904,American Double / Imperial Stout,423,,Ex Umbris Rye Imperial Stout,,,
407,65.0,IBU,1391,American Black Ale,419,Sanitas Black IPA,,,,
408,75.0,IBU,1393,American Black Ale,418,Cascadian Dark Ale,,,,
1936,35.0,IBU,81,American Pale Ale (APA),417,Hazed & Infused (2010),,,,
1994,35.0,IBU,808,American Pale Ale (APA),417,Hoopla Pale Ale,,,,
2052,35.0,IBU,1395,American Pale Ale (APA),417,Hazed & Infused,,,,
722,55.0,IBU,1406,American Brown Ale,415,Savannah Brown Ale,,,,
4003,25.0,IBU,1410,Kölsch,412,Sand Island Lighthouse,,,,
1151,70.0,IBU,637,American IPA,412,Monkeynaut IPA,,,,
4184,30.0,IBU,925,Milk / Sweet Stout,412,Lily Flagg Milk Stout,,,,
845,85.0,IBU,320,American Double / Imperial IPA,410,Gandhi-Bot Double IPA (12 oz.),,,,
841,85.0,IBU,42,American Double / Imperial IPA,410,,Gandhi-Bot Double IPA (16 oz.) (2010),,,
2890,58.0,IBU,1455,American Stout,405,,Sudice American Stout,,,
1264,70.0,IBU,1451,American IPA,405,,Moirai India Pale Ale,,,
1178,43.0,IBU,837,American IPA,401,,Desolation IPA,,,
402,55.0,IBU,883,American Black Ale,397,,CAPT Black IPA,,,
410,55.0,IBU,1478,American Black Ale,397,CAPT Black IPA,,,,
142,35.0,IBU,1479,American Amber / Red Ale,397,1881 California Red,,,,
350,42.0,IBU,1370,American Amber / Red Lager,397,Ruhstaller's Gilt Edge Lager Beer,,,,
112,35.0,IBU,882,American Amber / Red Ale,397,,1881 California Red Ale,,,
4,40.0,IBU,502,Altbier,395,Alteration,,,,
1962,50.0,IBU,501,American Pale Ale (APA),395,Pale Dog,,,,
1272,62.0,IBU,1506,American IPA,393,Miami Vice IPA,,,,
727,30.0,IBU,1507,American Brown Ale,393,Gator Tail Brown Ale,,,,
4441,30.0,IBU,1519,Saison / Farmhouse Ale,392,Saison 88,,,,
404,95.0,IBU,967,American Black Ale,392,Black IPA,,,,
1097,68.0,IBU,193,American IPA,391,Lucky U IPA,,,,
2033,65.0,IBU,1166,American Pale Ale (APA),389,,,,,Dale's Pale Ale
4581,35.0,IBU,1175,Scottish Ale,389,Old Chub,,,,
891,85.0,IBU,1533,American Double / Imperial IPA,389,G'KNIGHT,,,,
2018,65.0,IBU,1065,American Pale Ale (APA),389,Dale's Pale Ale,,,,
4364,98.0,IBU,1532,Russian Imperial Stout,389,Ten Fidy,,,,
882,85.0,IBU,1328,American Double / Imperial IPA,389,,Deviant Dale's IPA,,,
863,86.0,IBU,747,American Double / Imperial IPA,387,,Old Grogham Imperial India Pale Ale (2012),,,
879,86.0,IBU,1265,American Double / Imperial IPA,387,,Old Grogham Imperial India Pale Ale,,,
1278,65.0,IBU,1539,American IPA,385,Monkey Fist IPA,,,,
1140,65.0,IBU,575,American IPA,384,Westbrook IPA,,,,
1110,52.0,IBU,368,American IPA,383,Northern Lights India Pale Ale,,,,
1230,52.0,IBU,1205,American IPA,383,,Northern Lights India Pale Ale,,,
3598,22.0,IBU,1545,Euro Pale Lager,382,Blue Mountain Classic Lager,,,,
3611,30.0,IBU,1546,Extra Special / Strong Bitter (ESB),382,Steel Wheels ESB,,,,
1938,60.0,IBU,119,American Pale Ale (APA),382,Full Nelson Pale Ale (2010),,,,
2067,60.0,IBU,1547,American Pale Ale (APA),382,Full Nelson Pale Ale,,,,
1970,35.0,IBU,611,American Pale Ale (APA),380,834 Happy As Ale,,,,
3604,37.0,IBU,612,Extra Special / Strong Bitter (ESB),380,1327 Pod's ESB,,,,
3605,37.0,IBU,886,Extra Special / Strong Bitter (ESB),380,1327 Pod's ESB,,,,
3606,37.0,IBU,888,Extra Special / Strong Bitter (ESB),380,1327 Pod's ESB,,,,
3308,22.0,IBU,631,Cream Ale,379,Flagship Ale,,,,
2062,54.0,IBU,1505,American Pale Ale (APA),379,Flying Jenny Extra Pale Ale,,,,
2753,34.0,IBU,984,American Porter,379,,Leaning Chimney Smoked Porter,,,
1974,54.0,IBU,693,American Pale Ale (APA),379,Flying Jenny Extra Pale Ale (2012),,,,
2894,29.0,IBU,1571,American Stout,377,,Slow Hand Stout,,,
2957,78.0,IBU,1577,American Strong Ale,376,,12th Round,,,
1285,80.0,IBU,1576,American IPA,376,,RoughTail IPA,,,
2738,30.0,IBU,32,American Porter,375,CoCoNut Porter,,,,
1079,65.0,IBU,31,American IPA,375,Big Swell IPA,,,,
1119,68.0,IBU,435,American IPA,375,Flyin' HI.P.Hay,,,,
101,24.0,IBU,690,American Amber / Red Ale,375,Sobrehumano Palena'ole,,,,
869,138.0,IBU,980,American Double / Imperial IPA,374,Bitter Bitch Imperial IPA,,,,
2896,40.0,IBU,1580,American Stout,374,Trolley Stop Stout,,,,
2751,35.0,IBU,979,American Porter,374,Poop Deck Porter,,,,
122,35.0,IBU,978,American Amber / Red Ale,374,Old Red Beard Amber Ale,,,,
868,90.0,IBU,894,American Double / Imperial IPA,371,Odyssey Imperial IPA,,,,
1078,113.0,IBU,24,American IPA,371,113 IPA,,,,
4200,21.0,IBU,23,Munich Dunkel Lager,371,Dunkel Lager,,,,
1927,40.0,IBU,20,American Pale Ale (APA),371,Phoenix Pale Ale,,,,
4100,25.0,IBU,166,Märzen / Oktoberfest,371,Oktoberfest Lager,,,,
3756,44.0,IBU,21,German Pilsener,371,Pikeland Pils,,,,
3848,25.0,IBU,1363,Grisette,371,Grisette,,,,
1113,74.0,IBU,395,American IPA,369,,Crank Yanker IPA (2011),,,
1252,74.0,IBU,1382,American IPA,369,,Crank Yanker IPA,,,
1076,65.0,IBU,10,American IPA,368,Brew Free! or Die IPA,,,,
2002,42.0,IBU,876,American Pale Ale (APA),368,Bitter American,,,,
396,65.0,IBU,173,American Black Ale,368,Back in Black,,,,
850,94.0,IBU,432,American Double / Imperial IPA,368,Hop Crisis,,,,
3026,35.0,IBU,11,Belgian Dark Ale,368,Monk's Blood,,,,
1174,70.0,IBU,796,American IPA,368,Brew Free! or Die IPA (2009),,,,
1175,70.0,IBU,797,American IPA,368,Brew Free! or Die IPA (2008),,,,
1952,42.0,IBU,353,American Pale Ale (APA),368,Bitter American (2011),,,,
4678,45.0,IBU,321,Winter Warmer,368,Fireside Chat (2010),,,,
3580,52.0,IBU,531,English Strong Ale,368,Special Edition: Allies Win The War!,,,,
1176,70.0,IBU,799,American IPA,368,21st Amendment IPA (2006),,,,
4683,45.0,IBU,1024,Winter Warmer,368,Fireside Chat,,,,
390,92.0,IBU,1036,American Barleywine,368,Lower De Boom,,,,8.4
2692,33.0,IBU,1137,American Pilsner,367,,Pre Flight Pilsner,,,
2898,35.0,IBU,1594,American Stout,367,,Maylani's Coconut Stout,,,
2032,35.0,IBU,1162,American Pale Ale (APA),367,,Oatmeal PSA,,,
728,22.0,IBU,1574,American Brown Ale,365,,Barrel Aged Farmer,,,
3964,30.0,IBU,1064,Irish Red Ale,365,,Owney Irish Style Red Ale,,,
93,25.0,IBU,517,American Amber / Red Ale,365,,40th Annual Bix Street Fest Copper Ale (Current),,,
1945,48.0,IBU,190,American Pale Ale (APA),365,,483 Pale Ale (2010),,,
4107,25.0,IBU,539,Märzen / Oktoberfest,365,,Oktoberfest,,,
3961,30.0,IBU,864,Irish Red Ale,365,,Roller Dam Red Ale,,,
701,22.0,IBU,655,American Brown Ale,365,,Farmer Brown Ale,,,
2874,36.0,IBU,371,American Stout,365,,Redband Stout,,,
1134,70.0,IBU,540,American IPA,365,,Big Cock IPA,,,
4383,99.0,IBU,672,Rye Beer,365,,Hop A Potamus Double Dark Rye Pale Ale,,,
2000,48.0,IBU,863,American Pale Ale (APA),365,,483 Pale Ale,,,
3958,30.0,IBU,189,Irish Red Ale,365,,Roller Dam Red Ale (2010),,,
3366,34.0,IBU,889,Czech Pilsener,362,,Hilliard's Pils,,,
4418,30.0,IBU,496,Saison / Farmhouse Ale,362,,Hilliard's Saison,,,
92,60.0,IBU,497,American Amber / Red Ale,362,,Hilliard's Amber Ale,,,
2071,32.0,IBU,1615,American Pale Ale (APA),362,,The 12th Can™,,,
4249,23.0,IBU,366,Oatmeal Stout,361,Jack Stout,,,,
893,100.0,IBU,1619,American Double / Imperial IPA,361,Hop Slayer Double IPA,,,,
1942,41.0,IBU,162,American Pale Ale (APA),361,Paddy Pale Ale,,,,
849,100.0,IBU,430,American Double / Imperial IPA,361,Hop Slayer Double IPA (2011),,,,
508,27.0,IBU,971,American Blonde Ale,361,Phat Chance,,,,
862,100.0,IBU,740,American Double / Imperial IPA,361,Hop Slayer Double IPA (2011),,,,
4118,22.0,IBU,1579,Märzen / Oktoberfest,360,OktoberBeast,,,,
102,41.0,IBU,702,American Amber / Red Ale,360,Hot Rod Red,,,,
2539,23.0,IBU,1228,American Pale Wheat Ale,360,Mad Beach,,,,
1294,80.0,IBU,1621,American IPA,359,,Hop Drop 'N Roll IPA,,,
2072,31.0,IBU,1622,American Pale Ale (APA),359,,Jam Session,,,
883,85.0,IBU,1334,American Double / Imperial IPA,356,Dreamin' Double IPA,,,,
4618,30.0,IBU,1356,Tripel,356,Monk from the 'Yunk,,,,
3093,21.0,IBU,1625,Belgian Pale Ale,356,Belgian Style Session Ale,,,,
1253,75.0,IBU,1384,American IPA,355,Elephant Rock IPA,,,,
1280,55.0,IBU,1550,American IPA,351,Charlie in the Rye,,,,
4122,22.0,IBU,1645,Märzen / Oktoberfest,351,Westfield Octoberfest,,,,
415,77.0,IBU,1646,American Black Ale,350,,Catch 23,,,
1300,85.0,IBU,1648,American IPA,350,,Lucky Day IPA,,,
894,99.0,IBU,1647,American Double / Imperial IPA,350,,Terrace Hill Double IPA,,,
1304,88.0,IBU,1673,American IPA,346,Manzanita IPA,,,,
896,93.0,IBU,1674,American Double / Imperial IPA,346,Chaotic Double IPA,,,,
2077,44.0,IBU,1670,American Pale Ale (APA),346,Manzanita Pale Ale,,,,
539,25.0,IBU,1672,American Blonde Ale,346,Riverwalk Blonde Ale,,,,
731,49.0,IBU,1671,American Brown Ale,346,Gillespie Brown Ale,,,,
1305,95.0,IBU,1675,American IPA,345,Madra Allta,,,,
1238,70.0,IBU,1249,American IPA,345,Duluchan India Pale Ale,,,,
1306,135.0,IBU,1676,American IPA,344,Troopers Alley IPA,,,,
2046,55.0,IBU,1270,American Pale Ale (APA),343,Capital Trail Pale Ale,,,,
1307,70.0,IBU,1677,American IPA,343,,The Great Return,,,
3376,23.0,IBU,1348,Czech Pilsener,342,KelSo Pilsner,,,,
1284,64.0,IBU,1572,American IPA,342,KelSo India Pale Ale,,,,
1309,64.0,IBU,1685,American IPA,340,Category 3 IPA,,,,
1314,69.0,IBU,1697,American IPA,339,,Be Hoppy IPA,,,
2030,29.0,IBU,1145,American Pale Ale (APA),337,Cardinal Pale Ale,,,,
1221,65.0,IBU,1148,American IPA,337,Nebraska India Pale Ale,,,,
733,26.0,IBU,1711,American Brown Ale,336,Moose Drool Brown Ale,,,,
2516,35.0,IBU,766,American Pale Wheat Ale,336,Montana Trout Slayer Ale (2012),,,,
3551,40.0,IBU,159,English Pale Ale,336,Scape Goat Pale Ale (2010),,,,
3582,60.0,IBU,1456,English Strong Ale,336,Powder Hound Winter Ale,,,,
2553,35.0,IBU,1712,American Pale Wheat Ale,336,Montana Trout Slayer Ale,,,,
686,26.0,IBU,34,American Brown Ale,336,Moose Drool Brown Ale (2009),,,,
2494,35.0,IBU,35,American Pale Wheat Ale,336,Montana Trout Slayer Ale (2009),,,,
1318,65.0,IBU,1714,American IPA,336,Big Sky IPA,,,,
1141,65.0,IBU,579,American IPA,336,Big Sky IPA (2012),,,,
704,26.0,IBU,767,American Brown Ale,336,Moose Drool Brown Ale (2011),,,,
3556,40.0,IBU,1713,English Pale Ale,336,Scape Goat Pale Ale,,,,
2083,32.0,IBU,1722,American Pale Ale (APA),335,Iron Horse Pale Ale,,,,
1261,70.0,IBU,1434,American IPA,335,Wood Chipper India Pale Ale,,,,
1161,100.0,IBU,664,American IPA,332,,Elevated IPA,,,
153,37.0,IBU,1746,American Amber / Red Ale,330,Dead Armadillo Amber Ale,,,,
418,46.0,IBU,1747,American Black Ale,329,,Bronx Black Pale Ale,,,
2014,50.0,IBU,1037,American Pale Ale (APA),329,,Bronx Pale Ale,,,
1323,45.0,IBU,1749,American IPA,328,Just IPA,,,,
4120,24.0,IBU,1617,Märzen / Oktoberfest,326,Morgan Street Oktoberfest,,,,
4525,24.0,IBU,1051,Schwarzbier,326,Black Bear Dark Lager,,,,
3769,35.0,IBU,1046,German Pilsener,326,Golden Pilsner,,,,
2086,31.0,IBU,1759,American Pale Ale (APA),324,Pisgah Pale Ale,,,,
1329,51.0,IBU,1760,American IPA,324,GreyBeard™ IPA,,,,
1049,85.0,IBU,1488,American Double / Imperial Pilsner,322,Pilzilla,,,,
1290,85.0,IBU,1603,American IPA,322,Good Vibes IPA,,,,
734,31.0,IBU,1730,American Brown Ale,322,Wynona's Big Brown Ale,,,,
4621,25.0,IBU,1770,Tripel,322,Voodoo Love Child,,,,
3147,25.0,IBU,1729,Belgian Strong Pale Ale,322,Gran Met,,,,
4738,23.0,IBU,1769,Witbier,322,White Magick of the Sun,,,,
2075,60.0,IBU,1654,American Pale Ale (APA),321,,Hop Bomber Rye Pale Ale,,,
1331,55.0,IBU,1771,American IPA,321,,Lil SIPA,,,
1332,60.0,IBU,1772,American IPA,320,,Jacaranada Rye IPA,,,
147,45.0,IBU,1643,American Amber / Red Ale,318,Banner American Ale,,,,
3679,24.0,IBU,1491,Fruit / Vegetable Beer,314,,Sweet Potato Ale,,,
2747,25.0,IBU,847,American Porter,314,,Old Tom Porter,,,
1123,70.0,IBU,479,American IPA,314,,Missouri Mule India Pale Ale,,,
156,39.0,IBU,1792,American Amber / Red Ale,313,Iron Butt Red Ale,,,,
1291,92.0,IBU,1609,American IPA,313,Initial Point India Pale Ale,,,,
2090,37.0,IBU,1793,American Pale Ale (APA),312,Thunder Ann,,,,
1338,72.0,IBU,1795,American IPA,311,,Filthy Hoppin' IPA,,,
1181,100.0,IBU,879,American IPA,309,Dagger Falls IPA,,,,
1288,100.0,IBU,1595,American IPA,309,Dagger Falls IPA,,,,
1289,100.0,IBU,1596,American IPA,309,Dagger Falls IPA,,,,
2955,90.0,IBU,995,American Strong Ale,309,,Winterfest,,,
2031,32.0,IBU,1151,American Pale Ale (APA),309,Hell-Diver Pale Ale,,,,
391,100.0,IBU,1160,American Barleywine,309,Old Devil's Tooth,,,,
3968,21.0,IBU,1800,Irish Red Ale,308,Rollin Dirty Red Ale,,,,
2554,28.0,IBU,1799,American Pale Wheat Ale,308,Are Wheat There Yet?,,,,
1339,60.0,IBU,1801,American IPA,308,Last Stop IPA,,,,
705,25.0,IBU,775,American Brown Ale,307,Mutton Buster,,,,
1208,65.0,IBU,1048,American IPA,307,Outlaw IPA,,,,
2003,35.0,IBU,890,American Pale Ale (APA),307,Payette Pale Ale,,,,
2091,35.0,IBU,1805,American Pale Ale (APA),307,Rodeo Rye Pale Ale,,,,
901,108.0,IBU,1806,American Double / Imperial IPA,306,,Hoptopus Double IPA,,,
902,80.0,IBU,1812,American Double / Imperial IPA,304,Quarter Mile Double IPA,,,,
904,75.0,IBU,1825,American Double / Imperial IPA,302,Squatters Hop Rising Double IPA,,,,
897,75.0,IBU,1680,American Double / Imperial IPA,302,Squatters Hop Rising Double IPA (2014),,,,
725,65.0,IBU,1487,American Brown Ale,301,,Falling Down Brown Ale,,,
1297,45.0,IBU,1629,American IPA,300,,Rebel IPA,,,
4649,30.0,IBU,1143,Vienna Lager,300,Boston Lager,,,,
4653,30.0,IBU,1310,Vienna Lager,300,Boston Lager,,,,
4654,30.0,IBU,1349,Vienna Lager,300,,Boston Lager,,,
1218,60.0,IBU,1135,American IPA,299,,Our Legacy IPA,,,
1344,60.0,IBU,1831,American IPA,299,Our Legacy IPA,,,,
151,42.0,IBU,1688,American Amber / Red Ale,298,American Hero,,,,
1310,75.0,IBU,1686,American IPA,298,Irregardless IPA,,,,
2901,40.0,IBU,1832,American Stout,298,Adam's Stout,,,,
4442,25.0,IBU,1835,Saison / Farmhouse Ale,297,Provision,,,,
1345,45.0,IBU,1833,American IPA,297,Hop Farm IPA,,,,
736,28.0,IBU,1834,American Brown Ale,297,One Nut Brown,,,,
4345,30.0,IBU,1838,Radler,296,Hefe Lemon,,,,
3880,30.0,IBU,1837,Hefeweizen,296,Hefe Black,,,,
3879,30.0,IBU,1836,Hefeweizen,296,Widmer Brothers Hefeweizen,,,,
1346,50.0,IBU,1844,American IPA,295,Wachusett IPA,,,,
1347,55.0,IBU,1845,American IPA,295,Green Monsta IPA,,,,
884,85.0,IBU,1418,American Double / Imperial IPA,295,Larry Imperial IPA,,,,
1348,37.0,IBU,1846,American IPA,295,Wachusett Light IPA,,,,
1207,37.0,IBU,1029,American IPA,295,Wachusett Light IPA (2013),,,,
1146,55.0,IBU,618,American IPA,295,Green Monsta IPA,,,,
2773,45.0,IBU,1849,American Porter,294,American Red Porter,,,,
2960,83.0,IBU,1850,American Strong Ale,294,American India Red Ale,,,,
4443,34.0,IBU,1848,Saison / Farmhouse Ale,294,American Red Saison,,,,
158,44.0,IBU,1847,American Amber / Red Ale,294,Colorado Red Ale,,,,
1943,28.0,IBU,183,American Pale Ale (APA),292,Pamola Xtra Pale Ale,,,,
1095,69.0,IBU,182,American IPA,292,Stowaway IPA,,,,
3878,42.0,IBU,1778,Hefeweizen,292,,On the Count of 3 (2015),,,
96,35.0,IBU,533,American Amber / Red Ale,292,Amber Road,,,,
1351,87.0,IBU,1856,American IPA,291,IPA & a Half,,,,
4645,33.0,IBU,736,Vienna Lager,291,Ornery Amber Lager (2003),,,,
1352,67.0,IBU,1857,American IPA,290,Supergoose IPA,,,,
1353,66.0,IBU,1867,American IPA,288,Saint Archer IPA,,,,
4011,22.0,IBU,1864,Kölsch,288,Saint Archer Blonde,,,,
2098,40.0,IBU,1865,American Pale Ale (APA),288,Saint Archer Pale Ale,,,,
1354,73.0,IBU,1874,American IPA,287,El Chingon IPA,,,,
2775,40.0,IBU,1873,American Porter,287,Block Party Robust Porter,,,,
2099,43.0,IBU,1875,American Pale Ale (APA),286,Naked Pig Pale Ale,,,,
135,24.0,IBU,1272,American Amber / Red Ale,284,,Louie's Demise Amber Ale,,,
1211,51.0,IBU,1080,American IPA,284,,Hop Happy,,,
905,80.0,IBU,1884,American Double / Imperial IPA,284,,Hop Freak,,,
83,24.0,IBU,171,American Amber / Red Ale,284,,Louie’s Demise Immort-Ale (2010),,,
1355,44.0,IBU,1886,American IPA,283,Thrasher Session India Pale Ale,,,,
1356,30.0,IBU,1891,American IPA,281,,Longhop IPA,,,
3952,34.0,IBU,1890,Irish Dry Stout,281,,Lucky Buck,,,
3053,65.0,IBU,1895,Belgian IPA,280,,Groupe G,,,
907,77.0,IBU,1893,American Double / Imperial IPA,280,,Hill 88 Double IPA,,,
2439,40.0,IBU,1894,American Pale Lager,280,,Pt. Bonita Rustic Lager,,,
3528,40.0,IBU,1900,English India Pale Ale (IPA),278,Lost Sailor IPA,,,,
1979,45.0,IBU,728,American Pale Ale (APA),277,Day Tripper Pale Ale,,,,
399,80.0,IBU,729,American Black Ale,277,Midnight Ryder,,,,
1359,90.0,IBU,1903,American IPA,277,Let It Ride IPA,,,,
4687,22.0,IBU,1691,Winter Warmer,277,Stir Crazy Winter Ale,,,,
2533,27.0,IBU,1115,American Pale Wheat Ale,277,Shenanigans Summer Ale,,,,
3616,49.0,IBU,1906,Extra Special / Strong Bitter (ESB),276,Driftwood Ale,,,,
548,28.0,IBU,1907,American Blonde Ale,276,Montauk Summer Ale,,,,
2988,45.0,IBU,1908,American White IPA,275,Fresh Slice White IPA,,,,
1361,50.0,IBU,1912,American IPA,273,40 Mile IPA,,,,
3969,22.0,IBU,1913,Irish Red Ale,273,Hydraulion Red,,,,
873,120.0,IBU,1111,American Double / Imperial IPA,272,,Heady Topper,,,
846,120.0,IBU,379,American Double / Imperial IPA,272,,Heady Topper,,,
2104,40.0,IBU,1921,American Pale Ale (APA),270,Freeride APA,,,,
2105,49.0,IBU,1923,American Pale Ale (APA),269,Commotion APA,,,,
162,30.0,IBU,1924,American Amber / Red Ale,268,Long Trail Ale,,,,
3529,42.0,IBU,1926,English India Pale Ale (IPA),268,Long Trail IPA,,,,
8,33.0,IBU,1090,Altbier,268,,Double Bag,,,
5,30.0,IBU,573,Altbier,268,Long Trail Ale (1),,,,
163,35.0,IBU,1928,American Amber / Red Ale,267,,Cape Cod Red,,,
2557,61.0,IBU,1930,American Pale Wheat Ale,266,Summer Session Ale,,,,
164,30.0,IBU,1936,American Amber / Red Ale,265,Farmer's Tan Red Ale,,,,
1365,72.0,IBU,1938,American IPA,265,Almanac IPA,,,,
3602,58.0,IBU,68,Extra Special / Strong Bitter (ESB),264,ESB Special Ale,,,,
1083,65.0,IBU,67,American IPA,264,Modus Hoperandi,,,,
1277,65.0,IBU,1521,American IPA,264,Modus Hoperandi,,,,
2107,55.0,IBU,1946,American Pale Ale (APA),261,Overgrown American Pale Ale,,,,
2108,39.0,IBU,1961,American Pale Ale (APA),259,Ozark American Pale Ale,,,,
3784,48.0,IBU,1963,German Pilsener,258,Wonderstuff,,,,
4528,28.0,IBU,1964,Schwarzbier,258,Stargrazer,,,,
3213,55.0,IBU,1966,California Common / Steam Beer,258,Wagon Party,,,,
1370,70.0,IBU,1965,American IPA,258,Sky-Five,,,,
1371,40.0,IBU,1971,American IPA,257,,Texas Pale Ale (TPA),,,
4013,22.0,IBU,1969,Kölsch,257,,Kol' Beer,,,
416,80.0,IBU,1664,American Black Ale,256,,Sobek & Set,,,
117,72.0,IBU,935,American Amber / Red Ale,256,,Fascist Pig Ale,,,
2550,22.0,IBU,1662,American Pale Wheat Ale,256,,Wet Hot American Wheat Ale,,,
1281,69.0,IBU,1556,American IPA,253,Batch 69 IPA,,,,
912,88.0,IBU,2002,American Double / Imperial IPA,252,,Giant DIPA,,,
1378,60.0,IBU,2005,American IPA,251,Barrio Blanco,,,,
2112,30.0,IBU,2017,American Pale Ale (APA),250,,Pail Ale,,,
1383,40.0,IBU,2026,American IPA,248,Pursuit,,,,
1384,65.0,IBU,2029,American IPA,247,Tropicalia,,,,
3096,35.0,IBU,2031,Belgian Pale Ale,246,Golden Fleece,,,,
2779,30.0,IBU,2030,American Porter,246,Smoking Mirror,,,,
3097,31.0,IBU,2032,Belgian Pale Ale,245,Ballistic Blonde,,,,
3785,30.0,IBU,2036,German Pilsener,244,,Getaway,,,
4429,30.0,IBU,1168,Saison / Farmhouse Ale,244,,Farm Girl Saison,,,
1386,75.0,IBU,2038,American IPA,242,Infamous IPA,,,,
552,30.0,IBU,2042,American Blonde Ale,241,Kadigan,,,,
167,50.0,IBU,2041,American Amber / Red Ale,241,Dammit Jim!,,,,
1299,92.0,IBU,1641,American IPA,240,,Better Weather IPA,,,
1256,65.0,IBU,1399,American IPA,240,,Heal the Bay IPA,,,
1244,60.0,IBU,1296,American IPA,240,Point the Way IPA,,,,
1268,60.0,IBU,1490,American IPA,240,,Point the Way IPA,,,
4445,35.0,IBU,1960,Saison / Farmhouse Ale,240,Saison Pamplemousse,,,,
1167,70.0,IBU,750,American IPA,240,,Burning Bush Smoked IPA,,,
1166,70.0,IBU,749,American IPA,240,,Wolf Among Weeds IPA (2012),,,
1137,60.0,IBU,549,American IPA,240,,Point the Way IPA (2012),,,
2443,75.0,IBU,2045,American Pale Lager,240,,Might As Well IPL,,,
1333,74.0,IBU,1777,American IPA,240,,2020 IPA,,,
1315,70.0,IBU,1698,American IPA,240,,Wolf Among Weeds IPA,,,
2696,23.0,IBU,1469,American Pilsner,239,Tiny Bomb,,,,
1265,61.0,IBU,1470,American IPA,239,Ananda India Pale Ale,,,,
3323,35.0,IBU,2050,Cream Ale,238,Cream Ale,,,,
2113,45.0,IBU,2051,American Pale Ale (APA),237,Bravo Four Point,,,,
2037,26.0,IBU,1201,American Pale Ale (APA),237,Striped Bass Pale Ale,,,,
1364,65.0,IBU,1933,American IPA,236,Missile IPA,,,,
2905,45.0,IBU,2056,American Stout,236,Black Me Stout,,,,
4016,22.0,IBU,2055,Kölsch,236,Killer Kolsch,,,,
4113,30.0,IBU,1313,Märzen / Oktoberfest,234,Harpoon Octoberfest,,,,
1251,42.0,IBU,1379,American IPA,234,Harpoon IPA,,,,
1091,42.0,IBU,126,American IPA,234,Harpoon IPA (2010),,,,
4000,28.0,IBU,1380,Kölsch,234,Harpoon Summer Beer,,,,
3985,28.0,IBU,192,Kölsch,234,Harpoon Summer Beer (2010),,,,
3993,28.0,IBU,769,Kölsch,234,Harpoon Summer Beer (2012),,,,
1171,42.0,IBU,770,American IPA,234,Harpoon IPA (2012),,,,
2984,45.0,IBU,1653,American White IPA,234,The Long Thaw White IPA,,,,
1960,50.0,IBU,469,American Pale Ale (APA),233,Fox Tail Gluten Free Ale,,,,
852,90.0,IBU,468,American Double / Imperial IPA,233,Hop Box Imperial IPA,,,,
917,130.0,IBU,2067,American Double / Imperial IPA,230,,Dead-Eye DIPA,,,
3786,35.0,IBU,2065,German Pilsener,230,Fisherman's Pils,,,,
1389,64.0,IBU,2066,American IPA,230,Fisherman's IPA,,,,
4308,43.0,IBU,2068,Pumpkin Ale,230,,Imperial Pumpkin Stout,,,
168,30.0,IBU,2064,American Amber / Red Ale,230,Fisherman's Brew,,,,
169,26.0,IBU,2075,American Amber / Red Ale,228,Cedar Point,,,,
1391,50.0,IBU,2077,American IPA,228,No Wake IPA,,,,
866,115.0,IBU,851,American Double / Imperial IPA,227,On the Wings of Armageddon,,,,
1096,80.0,IBU,186,American IPA,227,The Corruption,,,,
2961,69.0,IBU,2080,American Strong Ale,226,,8 Barrel,,,
4126,40.0,IBU,2079,Märzen / Oktoberfest,226,,Oktoberfest,,,
1392,80.0,IBU,2088,American IPA,224,,Hop Stalker Fresh Hop IPA,,,
2117,55.0,IBU,2089,American Pale Ale (APA),224,Trail Head,,,,
699,24.0,IBU,586,American Brown Ale,223,Kodiak Brown Ale,,,,
1342,61.0,IBU,1814,American IPA,223,Pleasure Town IPA,,,,
1394,61.0,IBU,2093,American IPA,223,Pleasure Town,,,,
1118,70.0,IBU,434,American IPA,223,Sockeye Red IPA,,,,
423,100.0,IBU,2094,American Black Ale,222,,Epitome,,,
1262,35.0,IBU,1439,American IPA,222,Boat Beer,,,,
910,80.0,IBU,1940,American Double / Imperial IPA,222,,077XX,,,
170,38.0,IBU,2095,American Amber / Red Ale,221,Wavemaker,,,,
1395,81.0,IBU,2096,American IPA,221,Arcus IPA,,,,
125,85.0,IBU,1067,American Amber / Red Ale,220,,Disconnected Red,,,
900,104.0,IBU,1762,American Double / Imperial IPA,220,Hemlock Double IPA,,,,
1243,80.0,IBU,1289,American IPA,219,Bozone HopZone IPA,,,,
2782,52.0,IBU,2107,American Porter,219,Plum St. Porter,,,,
2766,52.0,IBU,1573,American Porter,219,Plum St. Porter,,,,
3872,25.0,IBU,1288,Hefeweizen,219,Bozone Hefe Weizen,,,,
1255,66.0,IBU,1396,American IPA,218,Laughing Dog IPA,,,,
1397,65.0,IBU,2110,American IPA,217,1916 Shore Shiver,,,,
739,23.0,IBU,2118,American Brown Ale,215,Battle LIne,,,,
3531,69.0,IBU,2116,English India Pale Ale (IPA),215,Brutus,,,,
4453,35.0,IBU,2119,Saison / Farmhouse Ale,215,First Stand,,,,
919,118.0,IBU,2123,American Double / Imperial IPA,214,,More Cowbell,,,
554,40.0,IBU,2125,American Blonde Ale,214,1836,,,,
2118,35.0,IBU,2126,American Pale Ale (APA),213,Lakefire Rye Pale Ale,,,,
3486,21.0,IBU,2127,English Brown Ale,213,Sir William's English Brown Ale,,,,
2561,21.0,IBU,2129,American Pale Wheat Ale,213,Monarch Classic American Wheat,,,,
1400,60.0,IBU,2148,American IPA,211,#002 American I.P.A.,,,,
1399,38.0,IBU,2146,American IPA,211,#004 Session I.P.A.,,,,
2120,50.0,IBU,2156,American Pale Ale (APA),209,,Oneida,,,
1402,75.0,IBU,2157,American IPA,209,,Booming Rollers,,,
4440,30.0,IBU,1495,Saison / Farmhouse Ale,209,,Lomaland,,,
2546,46.0,IBU,1494,American Pale Wheat Ale,209,,Fortunate Islands,,,
2892,40.0,IBU,1493,American Stout,209,,Black House,,,
1404,85.0,IBU,2159,American IPA,209,,City of the Sun,,,
175,75.0,IBU,2154,American Amber / Red Ale,209,,Aurora ,,,
143,115.0,IBU,1492,American Amber / Red Ale,209,,Blazing World,,,
3419,24.0,IBU,2162,Doppelbock,208,Lewbricator Wheat Dopplebock ,,,,
176,40.0,IBU,2167,American Amber / Red Ale,207,Evil Owl,,,,
1102,97.0,IBU,318,American IPA,206,,Vortex IPA,,,
1406,62.0,IBU,2168,American IPA,205,Amazon Princess IPA,,,,
1408,77.0,IBU,2175,American IPA,205,Mound Builder IPA,,,,
556,22.0,IBU,2184,American Blonde Ale,203,Humpback Blonde Ale,,,,
177,23.0,IBU,2177,American Amber / Red Ale,203,Volcano Red Ale,,,,
1409,75.0,IBU,2185,American IPA,203,Tsunami IPA,,,,
2786,27.0,IBU,2178,American Porter,203,Hawaiian Crow Porter,,,,
1410,75.0,IBU,2186,American IPA,203,,,,,Tsunami IPA
2121,42.0,IBU,2176,American Pale Ale (APA),203,Mauna Kea Pale Ale,,,,
1411,50.0,IBU,2190,American IPA,202,,Campside Session IPA,,,
178,53.0,IBU,2191,American Amber / Red Ale,201,,Loki Red Ale,,,
113,53.0,IBU,895,American Amber / Red Ale,201,,Loki Red Ale (2013),,,
890,30.0,IBU,1513,American Double / Imperial IPA,199,Lights Out Vanilla Cream Extra Stout,,,,
4005,25.0,IBU,1514,Kölsch,199,Easy Day Kolsch,,,,
2063,50.0,IBU,1511,American Pale Ale (APA),199,Worthy Pale,,,,
1412,69.0,IBU,2194,American IPA,199,Worthy IPA,,,,
1274,69.0,IBU,1512,American IPA,199,Worthy IPA (2013),,,,
1127,90.0,IBU,499,American IPA,198,Alphadelic IPA (2011),,,,
2958,60.0,IBU,1605,American Strong Ale,198,Festeroo Winter Ale,,,,
1250,90.0,IBU,1353,American IPA,198,Alphadelic IPA,,,,
1279,70.0,IBU,1543,American IPA,198,Proxima IPA,,,,
1413,55.0,IBU,2198,American IPA,196,Goose Island India Pale Ale,,,,
2124,40.0,IBU,2205,American Pale Ale (APA),194,Mountain Rescue Pale Ale,,,,
1227,70.0,IBU,1177,American IPA,192,Mutiny IPA,,,,
4655,28.0,IBU,2226,Vienna Lager,192,Wisconsin Amber,,,,
425,80.0,IBU,2227,American Black Ale,192,Dark Voyage Black IPA (2013),,,,
1369,55.0,IBU,1954,American IPA,192,Ghost Ship White IPA,,,,
1112,60.0,IBU,393,American IPA,191,Pako’s EyePA,,,,
3474,22.0,IBU,407,English Brown Ale,191,OB-1 Organic Ale,,,,
3648,36.0,IBU,617,Foreign / Export Stout,191,Zonker Stout,,,,
1954,32.0,IBU,402,American Pale Ale (APA),191,Snake River Pale Ale,,,,
2070,55.0,IBU,1606,American Pale Ale (APA),191,Snow King Pale Ale,,,,
1302,48.0,IBU,1661,American IPA,190,Trailhead ISA,,,,
94,27.0,IBU,518,American Amber / Red Ale,190,Immersion Amber Ale (2011),,,,
1128,70.0,IBU,505,American IPA,190,Evolutionary IPA (2011),,,,
1419,41.0,IBU,2235,American IPA,190,Day Hike Session,,,,
1224,70.0,IBU,1173,American IPA,190,Evolutionary IPA (2012),,,,
1125,48.0,IBU,482,American IPA,190,Trailhead India Style Session Ale (2011),,,,
149,27.0,IBU,1660,American Amber / Red Ale,190,Immersion Amber,,,,
1301,70.0,IBU,1659,American IPA,190,Evo IPA,,,,
1965,36.0,IBU,560,American Pale Ale (APA),190,Persnickety Pale,,,,
1415,70.0,IBU,2208,American IPA,188,Lil' Helper,,,,
560,21.0,IBU,2237,American Blonde Ale,188,Towhead,,,,
3468,27.0,IBU,2071,English Bitter,184,London Homesick Ale,,,,
2116,35.0,IBU,2069,American Pale Ale (APA),184,Slow Ride,,,,
3018,25.0,IBU,2247,Baltic Porter,184,,Lake Monster,,,
4067,35.0,IBU,2070,Keller Bier / Zwickel Bier,184,Luchesa Lager,,,,
155,40.0,IBU,1767,American Amber / Red Ale,183,,Seventh Son Hopped Red Ale,,,
1330,68.0,IBU,1765,American IPA,183,,Golden Ratio IPA,,,
2087,53.0,IBU,1766,American Pale Ale (APA),183,,Humulus Nimbus Super Pale Ale,,,
2964,40.0,IBU,2250,American Strong Ale,183,,Seventh Son of a Seventh Son,,,
473,25.0,IBU,169,American Blonde Ale,182,,Horny Toad Cerveza (2013),,,
82,35.0,IBU,170,American Amber / Red Ale,182,,Native Amber (2013),,,
180,35.0,IBU,2213,American Amber / Red Ale,182,,Native Amber,,,
1263,100.0,IBU,1442,American IPA,182,,F5 IPA,,,
559,25.0,IBU,2214,American Blonde Ale,182,,Horny Toad Cerveza,,,
2036,45.0,IBU,1194,American Pale Ale (APA),181,Alpha Ale,,,,
2694,25.0,IBU,1195,American Pilsner,181,Wild Wolf American Pilsner,,,,
3101,21.0,IBU,2253,Belgian Pale Ale,181,Blonde Hunny,,,,
1421,73.0,IBU,2254,American IPA,180,,Salamander Slam,,,
4692,22.0,IBU,2255,Winter Warmer,179,,Santa's Secret,,,
2110,60.0,IBU,1979,American Pale Ale (APA),177,Bitter Bitch,,,,
2125,60.0,IBU,2229,American Pale Ale (APA),176,Pride of Texas Pale Ale,,,,
909,80.0,IBU,1929,American Double / Imperial IPA,172,,Second Fiddle,,,
2774,30.0,IBU,1858,American Porter,172,,Hodad Porter,,,
1934,28.0,IBU,76,American Pale Ale (APA),171,Poleeko Gold Pale Ale (2009),,,,
1248,80.0,IBU,1327,American IPA,171,Hop Ottin' IPA,,,,
4650,25.0,IBU,1217,Vienna Lager,171,,El Steinber Dark Lager,,,
1109,80.0,IBU,367,American IPA,171,Hop Ottin' IPA (2011),,,,
1427,60.0,IBU,2292,American IPA,170,Little Sister India Style Session Ale,,,,
1271,80.0,IBU,1504,American IPA,170,Country Boy IPA,,,,
562,25.0,IBU,2293,American Blonde Ale,169,Aviator Raspberry Blonde,,,,
2133,68.0,IBU,2294,American Pale Ale (APA),168,The Power of Zeus,,,,
2705,21.0,IBU,2295,American Pilsner,168,The Golden One,,,,
2044,65.0,IBU,1252,American Pale Ale (APA),166,Dale's Pale Ale,,,,
865,85.0,IBU,806,American Double / Imperial IPA,166,Gordon Imperial Red (2010),,,,
2952,70.0,IBU,585,American Strong Ale,166,HGH (Home Grown Hops): Part Duh,,,,
1429,35.0,IBU,2302,American IPA,166,Pinner Throwback IPA,,,,
3360,35.0,IBU,7,Czech Pilsener,166,Mama's Little Yella Pils,,,,
4358,98.0,IBU,8,Russian Imperial Stout,166,Ten Fidy Imperial Stout,,,,
2058,65.0,IBU,1444,American Pale Ale (APA),166,Dale's Pale Ale,,,,
4568,35.0,IBU,5,Scottish Ale,166,Old Chub,,,,
860,85.0,IBU,726,American Double / Imperial IPA,166,,G'KNIGHT (16 oz.),,,
848,60.0,IBU,391,American Double / Imperial IPA,166,One Hit Wonder,,,,
1926,65.0,IBU,1,American Pale Ale (APA),166,Dale's Pale Ale,,,,
839,100.0,IBU,6,American Double / Imperial IPA,166,GUBNA Imperial IPA,,,,
847,85.0,IBU,388,American Double / Imperial IPA,166,G'KNIGHT (12 oz.),,,,
838,85.0,IBU,4,American Double / Imperial IPA,166,Gordon Ale (2009),,,,
3371,35.0,IBU,1167,Czech Pilsener,166,,,,,Mama's Little Yella Pils
1987,65.0,IBU,755,American Pale Ale (APA),166,Dale's Pale Ale (2011),,,,
1986,65.0,IBU,754,American Pale Ale (APA),166,Dale's Pale Ale (2010),,,,
2004,65.0,IBU,892,American Pale Ale (APA),166,Dale's Pale Ale (10 Year Anniversary),,,,
1996,65.0,IBU,828,American Pale Ale (APA),166,Dale's Pale Ale (2012),,,,
2008,65.0,IBU,955,American Pale Ale (APA),166,,,,,Dale's Pale Ale
3508,26.0,IBU,439,English Dark Mild Ale,165,,Great Crescent Mild Ale,,,
564,22.0,IBU,2303,American Blonde Ale,165,,Beer Agent Re-Ignition,,,
478,22.0,IBU,389,American Blonde Ale,165,,Great Crescent Blonde Ale (2011),,,
2761,33.0,IBU,1269,American Porter,165,,Great Crescent Coconut Porter,,,
4109,25.0,IBU,930,Märzen / Oktoberfest,165,,Great Crescent Oktoberfest Lager,,,
2768,33.0,IBU,1702,American Porter,165,,Bourbon Barrel Aged Coconut Porter,,,
3435,27.0,IBU,1700,Dortmunder / Export Lager,165,,Aurora Lager,,,
540,22.0,IBU,1699,American Blonde Ale,165,,Great Crescent Blonde Ale,,,
1120,60.0,IBU,436,American IPA,165,,Great Crescent IPA (2011),,,
1316,60.0,IBU,1701,American IPA,165,,Great Crescent IPA,,,
2743,33.0,IBU,441,American Porter,165,,Great Crescent Coconut Porter (2012),,,
3430,27.0,IBU,626,Dortmunder / Export Lager,165,,Aurora Lager (2011),,,
2875,65.0,IBU,455,American Stout,165,,Bourbon's Barrel Stout,,,
3588,23.0,IBU,440,Euro Dark Lager,165,,Great Crescent Dark Lager,,,
700,36.0,IBU,649,American Brown Ale,165,,Great Crescent Brown Ale,,,
3576,66.0,IBU,442,English Stout,165,,Great Crescent Stout,,,
825,25.0,IBU,615,American Dark Wheat Ale,165,,Frosted Fields Winter Wheat,,,
4007,28.0,IBU,1552,Kölsch,164,Dog Days Summer Ale,,,,
3483,40.0,IBU,1842,English Brown Ale,164,Original Slacker Ale,,,,
4455,36.0,IBU,2304,Saison / Farmhouse Ale,164,Sundown,,,,
1430,70.0,IBU,2305,American IPA,163,Homefront IPA,,,,
2908,47.0,IBU,2268,American Stout,161,,Pretzel Stout,,,
179,35.0,IBU,2197,American Amber / Red Ale,161,,Rubberneck Red,,,
1108,47.0,IBU,358,American IPA,160,Hop Knot IPA,,,,
4810,21.0,IBU,1635,,160,Kilt Lifter Scottish-Style Ale,,,,
4570,21.0,IBU,179,Scottish Ale,160,Kilt Lifter Scottish-Style Ale (2009),,,,
1363,42.0,IBU,1925,American IPA,159,Trader Session IPA,,,,
1212,82.0,IBU,1089,American IPA,159,Hop Notch IPA (2013),,,,
1319,83.0,IBU,1723,American IPA,159,Hop Nosh IPA,,,,
4526,32.0,IBU,1097,Schwarzbier,159,Organic Baba Black Lager,,,,
356,22.0,IBU,2100,American Amber / Red Lager,159,Yard Sale Winter Lager,,,,
2020,34.0,IBU,1088,American Pale Ale (APA),159,Cutthroat Pale Ale,,,,
2011,29.0,IBU,974,American Pale Ale (APA),159,WYLD Extra Pale Ale,,,,
1431,60.0,IBU,2312,American IPA,157,Camelback,,,,
2138,44.0,IBU,2314,American Pale Ale (APA),156,Wild Trail Pale Ale,,,,
427,71.0,IBU,2313,American Black Ale,156,Mothman Black IPA,,,,
67,24.0,IBU,37,American Amber / Red Ale,155,Ashland Amber Ale,,,,
1432,100.0,IBU,2315,American IPA,155,Hopportunity Knocks IPA,,,,
1990,55.0,IBU,788,American Pale Ale (APA),155,Caldera Pale Ale (2007),,,,
1991,55.0,IBU,789,American Pale Ale (APA),155,Caldera Pale Ale (2005),,,,
1992,55.0,IBU,790,American Pale Ale (APA),155,Caldera Pale Ale (2009),,,,
1080,94.0,IBU,36,American IPA,155,Caldera IPA,,,,
1993,55.0,IBU,791,American Pale Ale (APA),155,Caldera Pale Ale (2010),,,,
1172,94.0,IBU,792,American IPA,155,Caldera IPA (2007),,,,
107,24.0,IBU,794,American Amber / Red Ale,155,Ashland Amber Ale (2009),,,,
2054,55.0,IBU,1419,American Pale Ale (APA),155,Caldera Pale Ale,,,,
1173,94.0,IBU,793,American IPA,155,Caldera IPA (2009),,,,
1928,55.0,IBU,38,American Pale Ale (APA),155,Caldera Pale Ale (2011),,,,
2790,40.0,IBU,2317,American Porter,153,Fivepine Chocolate Porter,,,,
1433,82.0,IBU,2316,American IPA,153,Hoodoo Voodoo IPA,,,,
91,28.0,IBU,494,American Amber / Red Ale,152,Perfect Tin Amber,,,,
1961,37.0,IBU,495,American Pale Ale (APA),152,Voodoo Bengal Pale Ale,,,,
2771,35.0,IBU,1754,American Porter,152,Parade Ground Coffee Porter,,,,
3678,21.0,IBU,1428,Fruit / Vegetable Beer,152,Tin Roof Watermelon Wheat,,,,
1327,60.0,IBU,1755,American IPA,152,Juke Joint IPA,,,,
150,24.0,IBU,1669,American Amber / Red Ale,150,Oakshire Amber Ale,,,,
2899,27.0,IBU,1668,American Stout,150,Overcast Espresso Stout,,,,
1435,70.0,IBU,2331,American IPA,150,Watershed IPA,,,,
1201,70.0,IBU,999,American IPA,150,Watershed IPA (2013),,,,
2139,47.0,IBU,2329,American Pale Ale (APA),149,Peacemaker Pale Ale,,,,
744,30.0,IBU,2326,American Brown Ale,149,Sweet Josie,,,,
3137,72.0,IBU,2335,Belgian Strong Dark Ale,148,Perpetual Darkness,,,,
4551,29.0,IBU,2334,Scotch Ale / Wee Heavy,148,Clan Warrior,,,,
2792,36.0,IBU,2333,American Porter,148,Psycho Penguin Vanilla Porter,,,,
13,43.0,IBU,2339,Altbier,144,Little Red Cap,,,,
3307,22.0,IBU,580,Cream Ale,143,,Narragansett Cream Ale,,,
3776,35.0,IBU,1291,German Pilsener,143,,Narragansett Bohemian Pilsner,,,
2702,30.0,IBU,2224,American Pilsner,143,,Bohemian Pils,,,
4185,30.0,IBU,1775,Milk / Sweet Stout,143,,Autocrat Coffee Milk Stout,,,
2740,22.0,IBU,316,American Porter,143,,Narragansett Porter,,,
2530,24.0,IBU,1093,American Pale Wheat Ale,143,Narragansett Summer Ale,,,,
2503,24.0,IBU,403,American Pale Wheat Ale,143,,Narragansett Summer Ale,,,
3194,32.0,IBU,315,Bock,143,,Narragansett Bock,,,
1381,65.0,IBU,2014,American IPA,141,Operation Homefront,,,,
1136,70.0,IBU,546,American IPA,141,Jai Alai IPA,,,,
3477,25.0,IBU,1138,English Brown Ale,141,Maduro Brown Ale,,,,
1219,70.0,IBU,1141,American IPA,141,Jai Alai IPA Aged on White Oak,,,,
1321,60.0,IBU,1726,American IPA,141,Hopped on the High Seas (Hop #529),,,,
698,25.0,IBU,571,American Brown Ale,141,Maduro Brown Ale,,,,
1320,60.0,IBU,1725,American IPA,141,Hopped on the High Seas (Calypso),,,,
1313,60.0,IBU,1694,American IPA,141,Dry-Hopped On The High Seas Caribbean-Style IPA,,,,
1312,60.0,IBU,1693,American IPA,141,Hopped on the High Seas (Citra),,,,
1311,60.0,IBU,1692,American IPA,141,Hopped on the High Seas (Ahtanum),,,,
422,65.0,IBU,2013,American Black Ale,141,Wandering Pelican,,,,
2758,65.0,IBU,1140,American Porter,141,José Martí American Porter,,,,
1220,70.0,IBU,1142,American IPA,141,Humidor Series India Pale Ale,,,,
98,75.0,IBU,569,American Amber / Red Ale,141,Tocobaga Red Ale,,,,
3199,25.0,IBU,2349,Bock,141,Cubano Espresso,,,,
184,32.0,IBU,2350,American Amber / Red Ale,140,Oklahoma Suks,,,,
2136,42.0,IBU,2301,American Pale Ale (APA),140,Power & Light,,,,
4743,27.0,IBU,1904,Witbier,140,White Rabbit ,,,,
2140,49.0,IBU,2352,American Pale Ale (APA),138,Extra Pale Ale,,,,
1977,68.0,IBU,711,American Pale Ale (APA),135,Over the Rail Pale Ale,,,,
3380,21.0,IBU,1461,Czech Pilsener,135,Peacemaker Pilsner,,,,
3362,21.0,IBU,188,Czech Pilsener,135,Pallavicini Pilsner (2009),,,,
152,80.0,IBU,1745,American Amber / Red Ale,133,,Mississippi Fire Ant,,,
3618,45.0,IBU,2320,Extra Special / Strong Bitter (ESB),133,Jack the Sipper,,,,
1438,65.0,IBU,2346,American IPA,133,,Sinister Minister Black IPA,,,
4255,40.0,IBU,1120,Oatmeal Stout,133,,Hipster Breakfast,,,
1439,72.0,IBU,2362,American IPA,133,,2014 IPA Cicada Series,,,
2026,60.0,IBU,1117,American Pale Ale (APA),133,,Devil's Harvest Extra Pale Ale,,,
2134,60.0,IBU,2297,American Pale Ale (APA),133,Devil's Harvest Extra Pale Ale,,,,
3224,28.0,IBU,2341,Chile Beer,132,L'il Lucy's Hot Pepper Ale,,,,
1437,89.0,IBU,2343,American IPA,132,O’Malley’s IPA,,,,
1939,33.0,IBU,140,American Pale Ale (APA),131,Point Cascade Pale Ale,,,,
2130,33.0,IBU,2270,American Pale Ale (APA),131,Point Cascade Pale Ale (2013),,,,
1401,64.0,IBU,2150,American IPA,131,Beyond The Pale IPA,,,,
694,32.0,IBU,357,American Brown Ale,131,2012 Black Ale,,,,
3770,52.0,IBU,1091,German Pilsener,128,Hans' Pils (2015),,,,
541,21.0,IBU,1718,American Blonde Ale,128,Firemans #4 Blonde Ale (2013),,,,
420,85.0,IBU,1861,American Black Ale,128,BLAKKR,,,,
4752,25.0,IBU,2211,Witbier,128,White (2015),,,,
501,21.0,IBU,830,American Blonde Ale,128,Firemans #4 Blonde Ale (2015),,,,
511,50.0,IBU,1086,American Blonde Ale,128,Four Squared (2015),,,,
4432,25.0,IBU,1202,Saison / Farmhouse Ale,127,,Farmhouse Wit,,,
1188,70.0,IBU,943,American IPA,127,Deep Ellum IPA,,,,
922,100.0,IBU,2166,American Double / Imperial IPA,127,Dream Crusher Double IPA,,,,
742,33.0,IBU,2251,American Brown Ale,127,Oak Cliff Coffee Ale,,,,
506,23.0,IBU,946,American Blonde Ale,127,Dallas Blonde,,,,
4164,25.0,IBU,2367,Maibock / Helles Bock,126,,Humbucker Helles,,,
1441,75.0,IBU,2372,American IPA,126,,The Green Room,,,
4115,25.0,IBU,1458,Märzen / Oktoberfest,125,Karbachtoberfest,,,,
2068,40.0,IBU,1557,American Pale Ale (APA),125,Weekend Warrior Pale Ale,,,,
338,45.0,IBU,465,American Amber / Red Lager,125,Sympathy for the Lager,,,,
856,85.0,IBU,666,American Double / Imperial IPA,125,Rodeo Clown Double IPA,,,,
1121,70.0,IBU,463,American IPA,125,Hopadillo India Pale Ale,,,,
4203,25.0,IBU,1560,Munich Dunkel Lager,125,Mother in Lager,,,,
4309,25.0,IBU,2142,Pumpkin Ale,124,,Screamin’ Pumpkin,,,
173,25.0,IBU,2140,American Amber / Red Ale,124,,El Rojo,,,
2119,35.0,IBU,2138,American Pale Ale (APA),124,,Grind Line,,,
1379,55.0,IBU,2007,American IPA,124,Norm's Gateway IPA,,,,
3386,35.0,IBU,2141,Czech Pilsener,124,,Grand Trunk Bohemian Pils,,,
10,40.0,IBU,1248,Altbier,122,Main St. Virginia Ale,,,,
15,40.0,IBU,2377,Altbier,122,Main St. Virginia Ale,,,,
355,24.0,IBU,1839,American Amber / Red Lager,122,Chin Music Amber Lager,,,,
2042,42.0,IBU,1247,American Pale Ale (APA),122,Ray Ray’s Pale Ale,,,,
1442,58.0,IBU,2380,American IPA,121,,IPA #11,,,
334,25.0,IBU,91,American Amber / Red Lager,119,Steam Engine Lager,,,,
2141,65.0,IBU,2386,American Pale Ale (APA),119,Third Eye Enlightened Pale Ale,,,,
1087,65.0,IBU,90,American IPA,119,Third Eye Pale Ale,,,,
4284,40.0,IBU,1010,Old Ale,118,Old Potentate,,,,
3180,23.0,IBU,555,Bière de Garde,118,Le Mort Vivant (2011),,,,
871,110.0,IBU,1011,American Double / Imperial IPA,118,Red Cockaded Ale (2013),,,,
889,100.0,IBU,1497,American Double / Imperial IPA,118,Valkyrie Double IPA,,,,
2142,45.0,IBU,2387,American Pale Ale (APA),118,Pine Belt Pale Ale,,,,
899,110.0,IBU,1728,American Double / Imperial IPA,118,Red Cockaded Ale,,,,
3646,50.0,IBU,46,Foreign / Export Stout,118,Buried Hatchet Stout,,,,
867,100.0,IBU,853,American Double / Imperial IPA,118,PRO-AM (2012) (2012),,,,
3184,23.0,IBU,1740,Bière de Garde,118,Le Mort Vivant,,,,
1929,45.0,IBU,45,American Pale Ale (APA),118,,Pine Belt Pale Ale,,,
2143,36.0,IBU,2402,American Pale Ale (APA),117,Klickitat Pale Ale,,,,
927,103.0,IBU,2401,American Double / Imperial IPA,117,Yellow Wolf Imperial IPA,,,,
2710,22.0,IBU,2404,American Pilsner,116,Hop in the ‘Pool Helles,,,,
2444,62.0,IBU,2189,American Pale Lager,116,In-Tents India Pale Lager,,,,
1434,60.0,IBU,2323,American IPA,116,Ultra Gnar Gnar IPA,,,,
3592,45.0,IBU,2187,Euro Dark Lager,116,Celestial Meridian Cascadian Dark Lager,,,,
1443,88.0,IBU,2407,American IPA,115,Rule G IPA,,,,
4457,33.0,IBU,2405,Saison / Farmhouse Ale,115,Alter Ego ,,,,
186,35.0,IBU,2406,American Amber / Red Ale,115,Murphy's Law,,,,
2102,44.0,IBU,1896,American Pale Ale (APA),112,Aftermath Pale Ale,,,,
1357,35.0,IBU,1898,American IPA,112,Blackmarket Rye IPA,,,,
3328,21.0,IBU,2413,Cream Ale,111,Cali Creamin',,,,
1150,100.0,IBU,636,American IPA,110,,Ryeteous Rye IPA (2012),,,
1226,100.0,IBU,1176,American IPA,110,,Redacted Rye IPA,,,
510,25.0,IBU,1005,American Blonde Ale,110,,5:00 O'Clock Afternoon Ale,,,
4365,60.0,IBU,1581,Russian Imperial Stout,110,Hammer & Sickle,,,,
2144,40.0,IBU,2414,American Pale Ale (APA),110,Consilium,,,,
870,100.0,IBU,1006,American Double / Imperial IPA,110,Elevation Triple India Pale Ale,,,,
1446,82.0,IBU,2417,American IPA,109,4000 Footer IPA,,,,
4119,26.0,IBU,1613,Märzen / Oktoberfest,107,Gyptoberfest,,,,
1448,72.0,IBU,2422,American IPA,107,Firestarter India Pale Ale,,,,
3610,38.0,IBU,1360,Extra Special / Strong Bitter (ESB),107,Screaming Eagle Special Ale ESB,,,,
1149,72.0,IBU,633,American IPA,107,,Firestarter India Pale Ale,,,
3527,94.0,IBU,1549,English India Pale Ale (IPA),107,,Farmer Wirtz India Pale Ale,,,
3381,30.0,IBU,1614,Czech Pilsener,107,,Wood Splitter Pilsner,,,
4545,22.0,IBU,1727,Scotch Ale / Wee Heavy,107,,Kilt Dropper Scotch Ale,,,
2035,45.0,IBU,1183,American Pale Ale (APA),107,Kindler Pale Ale,,,,
1449,70.0,IBU,2426,American IPA,106,Clean Shave IPA,,,,
2581,28.0,IBU,2427,American Pale Wheat Ale,105,Suncaster Summer Wheat,,,,
2146,36.0,IBU,2425,American Pale Ale (APA),105,Brass Knuckle Pale Ale,,,,
2990,70.0,IBU,2424,American White IPA,105,Big Star White IPA,,,,
2148,40.0,IBU,2434,American Pale Ale (APA),104,Peach Pale Ale,,,,
1447,85.0,IBU,2420,American IPA,103,Back Bay IPA,,,,
2145,45.0,IBU,2423,American Pale Ale (APA),103,Fenway American Pale Ale,,,,
1303,70.0,IBU,1667,American IPA,102,King Street IPA,,,,
104,24.0,IBU,751,American Amber / Red Ale,101,Hurricane Amber Ale (2004),,,,
77,24.0,IBU,120,American Amber / Red Ale,101,Hurricane Amber Ale,,,,
1450,75.0,IBU,2437,American IPA,101,Newport Storm IPA,,,,
929,126.0,IBU,2440,American Double / Imperial IPA,99,Bay of Bengal Double IPA (2014),,,,
888,75.0,IBU,1459,American Double / Imperial IPA,98,,,,Shipwrecked Double IPA,
2059,44.0,IBU,1460,American Pale Ale (APA),98,,,,El Conquistador Extra Pale Ale,
1451,66.0,IBU,2441,American IPA,98,,,,Mission IPA,
1273,85.0,IBU,1509,American IPA,97,Perpetual IPA,,,,
188,93.0,IBU,2444,American Amber / Red Ale,97,,Nugget Nectar,,,
2701,45.0,IBU,2203,American Pilsner,97,Sunshine Pils,,,,
3416,25.0,IBU,1510,Doppelbock,97,,Troegenator Doublebock,,,
1453,67.0,IBU,2450,American IPA,94,,Self Starter,,,
2149,42.0,IBU,2451,American Pale Ale (APA),93,Pure Fury,,,,
4123,21.0,IBU,1992,Märzen / Oktoberfest,93,Franz,,,,
171,60.0,IBU,2132,American Amber / Red Ale,93,Dad,,,,
546,25.0,IBU,1851,American Blonde Ale,93,Cougar,,,,
189,42.0,IBU,2452,American Amber / Red Ale,93,Hustle,,,,
2106,45.0,IBU,1935,American Pale Ale (APA),93,Zen,,,,
1349,75.0,IBU,1852,American IPA,93,Truth,,,,
2777,35.0,IBU,1993,American Porter,93,Panther,,,,
129,30.0,IBU,1124,American Amber / Red Ale,91,Happy Amber,,,,
718,32.0,IBU,1125,American Brown Ale,91,Gnarly Brown,,,,
2093,40.0,IBU,1815,American Pale Ale (APA),91,SPRYE,,,,
1216,70.0,IBU,1126,American IPA,91,Psychopathy,,,,
2123,30.0,IBU,2202,American Pale Ale (APA),88,312 Urban Pale Ale,,,,
2150,30.0,IBU,2457,American Pale Ale (APA),88,,312 Urban Pale Ale,,,
1455,65.0,IBU,2460,American IPA,87,,India Pale Ale,,,
914,69.0,IBU,2044,American Double / Imperial IPA,86,Captain's Daughter,,,,
1116,65.0,IBU,426,American IPA,83,,Torpedo,,,
2103,37.0,IBU,1905,American Pale Ale (APA),83,,Sierra Nevada Pale Ale,,,
1953,37.0,IBU,400,American Pale Ale (APA),83,Sierra Nevada Pale Ale,,,,
3374,28.0,IBU,1295,Czech Pilsener,83,Summerfest,,,,
1420,65.0,IBU,2239,American IPA,83,Torpedo,,,,
2543,26.0,IBU,1338,American Pale Wheat Ale,83,Old Chico Crystal Wheat,,,,
1418,70.0,IBU,2230,American IPA,82,Ranger IPA,,,,
1139,70.0,IBU,564,American IPA,82,,Ranger IPA,,,
1458,40.0,IBU,2475,American IPA,82,Slow Ride,,,,
3591,21.0,IBU,1978,Euro Dark Lager,82,1554 Black Lager,,,,
1090,70.0,IBU,115,American IPA,82,Ranger IPA (Current),,,,
2441,29.0,IBU,1987,American Pale Lager,82,Shift,,,,
2426,29.0,IBU,952,American Pale Lager,82,Shift (1),,,,
2421,29.0,IBU,578,American Pale Lager,82,,Shift,,,
128,60.0,IBU,1085,American Amber / Red Ale,80,,Rise-Up Red (2014),,,
185,60.0,IBU,2388,American Amber / Red Ale,80,,Rise Up Red,,,
4346,21.0,IBU,2482,Radler,80,,Totally Radler,,,
2907,35.0,IBU,2200,American Stout,80,,Survival Stout,,,
1414,75.0,IBU,2199,American IPA,80,,Hopworks IPA,,,
2963,70.0,IBU,2193,American Strong Ale,80,,Abominable Winter Ale,,,
2954,70.0,IBU,916,American Strong Ale,80,,Abominable Winter Ale (2012),,,
3364,32.0,IBU,658,Czech Pilsener,80,,HUB Lager,,,
2982,60.0,IBU,1398,American White IPA,80,,Pigwar White India Pale Ale,,,
1157,75.0,IBU,653,American IPA,80,,Hopworks IPA (2012),,,
1459,35.0,IBU,2486,American IPA,78,Baby Daddy Session IPA,,,,
3774,38.0,IBU,1253,German Pilsener,75,Venture Pils,,,,
1445,87.0,IBU,2410,American IPA,75,Harness the Winter,,,,
405,34.0,IBU,1261,American Black Ale,75,Bent Paddle Black Ale,,,,
1358,68.0,IBU,1901,American IPA,75,Bent Hop Golden IPA,,,,
3615,32.0,IBU,1902,Extra Special / Strong Bitter (ESB),75,14° ESB ,,,,
2953,68.0,IBU,861,American Strong Ale,74,Cane and Ebel,,,,
829,43.0,IBU,1630,American Dark Wheat Ale,74,Night Cat (2014),,,,
1461,69.0,IBU,2497,American IPA,74,,Wobble,,,
4111,23.0,IBU,1042,Märzen / Oktoberfest,74,Atom Smasher,,,,
830,43.0,IBU,2246,American Dark Wheat Ale,74,Night Cat,,,,
2027,36.0,IBU,1121,American Pale Ale (APA),74,Sidekick Extra Pale Ale,,,,
932,115.0,IBU,2503,American Double / Imperial IPA,72,,Hop A-Peel,,,
1132,62.0,IBU,528,American IPA,72,Grand Circus IPA,,,,
933,90.0,IBU,2507,American Double / Imperial IPA,71,Double Duckpin,,,,
2155,45.0,IBU,2508,American Pale Ale (APA),70,,Jalapeno Pale Ale,,,
1462,75.0,IBU,2511,American IPA,69,,Long Leaf,,,
2798,23.0,IBU,2509,American Porter,69,,Porter (a/k/a Black Gold Porter),,,
2799,25.0,IBU,2513,American Porter,68,,Vanilla Porter,,,
1463,45.0,IBU,2515,American IPA,68,,Pump House IPA,,,
1464,82.0,IBU,2519,American IPA,67,Bimini Twist,,,,
4813,27.0,IBU,2527,,66,OktoberFiesta,,,,
747,33.0,IBU,2526,American Brown Ale,66,Texicali ,,,,
1465,70.0,IBU,2521,American IPA,66,Soul Doubt,,,,
88,25.0,IBU,356,American Amber / Red Ale,63,Crazy Mountain Amber Ale,,,,
2157,46.0,IBU,2538,American Pale Ale (APA),63,Neomexicanus Native,,,,
3149,25.0,IBU,2355,Belgian Strong Pale Ale,63,Old Soul,,,,
1469,68.0,IBU,2540,American IPA,62,,Citra Ass Down,,,
3466,37.0,IBU,19,English Bitter,61,,Bitter Brewer,,,
684,45.0,IBU,16,American Brown Ale,61,,Bender,,,
4380,34.0,IBU,18,Rye Beer,61,,SurlyFest,,,
4416,33.0,IBU,13,Saison / Farmhouse Ale,61,,CynicAle,,,
417,85.0,IBU,1739,American Black Ale,61,,BLAKKR,,,
1077,99.0,IBU,12,American IPA,61,,Furious,,,
840,120.0,IBU,15,American Double / Imperial IPA,61,,Abrasive Ale,,,
685,45.0,IBU,17,American Brown Ale,61,,Coffee Bender,,,
1215,69.0,IBU,1112,American IPA,61,,Overrated! West Coast Style IPA,,,
1103,90.0,IBU,329,American IPA,61,,WET,,,
2556,28.0,IBU,1870,American Pale Wheat Ale,60,Contact High,,,,
928,100.0,IBU,2415,American Double / Imperial IPA,58,,Unchained #18 Hop Silo,,,
2151,55.0,IBU,2473,American Pale Ale (APA),58,,Hopvale Organic Ale,,,
3620,40.0,IBU,2549,Extra Special / Strong Bitter (ESB),58,Make It So,,,,
0,22.0,IBU,1887,Abbey Single Ale,57,Abbey's Single Ale (Current),,,,
1,22.0,IBU,2505,Abbey Single Ale,57,Abbey's Single (2015- ),,,,
1382,76.0,IBU,2025,American IPA,57,Vertex IPA,,,,
906,85.0,IBU,1888,American Double / Imperial IPA,57,Hoperation Overload,,,,
2159,45.0,IBU,2553,American Pale Ale (APA),55,Mazzie,,,,
573,27.0,IBU,2556,American Blonde Ale,53,Nordic Blonde,,,,
3532,44.0,IBU,2558,English India Pale Ale (IPA),53,Moar,,,,
3089,30.0,IBU,683,Belgian Pale Ale,51,Upslope Belgian Style Pale Ale,,,,
3006,24.0,IBU,2563,American Wild Ale,51,,,,,Lee Hill Series Vol. 2 - Wild Saison
4640,22.0,IBU,444,Vienna Lager,51,Upslope Craft Lager,,,,
3004,30.0,IBU,1853,American Wild Ale,51,,,,,Ferus Fluxus Wild Belgian Pale Ale
880,90.0,IBU,1315,American Double / Imperial IPA,51,,,,,Upslope Imperial India Pale Ale
1058,51.0,IBU,2562,American Double / Imperial Stout,51,,,,,Lee Hill Series Vol. 3 - Barrel Aged Imperial Stout
2989,33.0,IBU,1932,American White IPA,51,Thai Style White IPA,,,,
1471,70.0,IBU,2566,American IPA,50,Flying Mouse 4,,,,
3789,35.0,IBU,2568,German Pilsener,49,Take Two Pils,,,,
1472,47.0,IBU,2569,American IPA,48,Easy Jack,,,,
1456,75.0,IBU,2463,American IPA,48,Union Jack,,,,
854,103.0,IBU,628,American Double / Imperial IPA,46,Resin,,,,
706,47.0,IBU,778,American Brown Ale,46,,Brownstone,,,
2959,70.0,IBU,1608,American Strong Ale,46,Global Warmer,,,,
2876,69.0,IBU,525,American Stout,46,,Diesel,,,
4291,48.0,IBU,512,Pumpkin Ale,46,,Autumnation (2011-12) (2011),,,
898,111.0,IBU,1696,American Double / Imperial IPA,46,Hi-Res,,,,
3019,52.0,IBU,2574,Baltic Porter,46,4Beans,,,,
1393,62.0,IBU,2090,American IPA,46,,,Bengali,,
4381,57.0,IBU,423,Rye Beer,46,,Righteous Ale (2011),,,
4387,57.0,IBU,1386,Rye Beer,46,,Righteous Ale,,,
1287,74.0,IBU,1591,American IPA,46,,Autumnation (2013),,,
4420,35.0,IBU,629,Saison / Farmhouse Ale,46,,Harbinger,,,
1254,62.0,IBU,1385,American IPA,46,,Bengali Tiger,,,
1115,62.0,IBU,422,American IPA,46,,Bengali Tiger (2011),,,
3015,85.0,IBU,1020,Baltic Porter,46,3Beans,,,,
2109,50.0,IBU,1962,American Pale Ale (APA),46,Sensi Harvest,,,,
3780,42.0,IBU,1388,German Pilsener,46,,The Crisp,,,
3304,34.0,IBU,424,Cream Ale,46,,Sweet Action (2011),,,
3317,34.0,IBU,1387,Cream Ale,46,,Sweet Action,,,
3763,42.0,IBU,425,German Pilsener,46,,The Crisp (2011),,,
2770,35.0,IBU,1736,American Porter,45,,Zombie Monkie,,,
3607,93.0,IBU,912,Extra Special / Strong Bitter (ESB),45,,Oasis,,,
4623,34.0,IBU,2575,Tripel,45,,,,,Wooden Rooster
689,22.0,IBU,103,American Brown Ale,45,,Tallgrass Ale,,,
1203,110.0,IBU,1017,American IPA,45,,Ethos IPA,,,
843,93.0,IBU,104,American Double / Imperial IPA,45,,Oasis (2010),,,
1088,60.0,IBU,101,American IPA,45,,Tallgrass IPA,,,
4104,25.0,IBU,417,Märzen / Oktoberfest,44,Oktoberfest Revolution,,,,
3931,31.0,IBU,418,Herbed / Spiced Beer,44,Fistmas Ale,,,,
2741,28.0,IBU,416,American Porter,44,Eugene Porter,,,,
2161,40.0,IBU,2576,American Pale Ale (APA),44,Fist City,,,,
1114,70.0,IBU,415,American IPA,44,Anti-Hero IPA,,,,
1475,100.0,IBU,2579,American IPA,43,Jah Mon,,,,
1478,60.0,IBU,2585,American IPA,40,,Galaxy IPA,,,
360,26.0,IBU,2588,American Amber / Red Lager,38,Cow Creek,,,,
1454,63.0,IBU,2458,American IPA,38,Chupahopra,,,,
1089,69.0,IBU,107,American IPA,37,Avery India Pale Ale,,,,
3760,42.0,IBU,146,German Pilsener,37,Avery Joe’s Premium American Pilsner,,,,
3387,45.0,IBU,2590,Czech Pilsener,36,Czech Yo Self,,,,
4001,23.0,IBU,1401,Kölsch,34,Ballast Point Pale Ale,,,,
1396,40.0,IBU,2105,American IPA,34,Even Keel,,,,
1204,70.0,IBU,1018,American IPA,34,Sculpin IPA,,,,
1257,75.0,IBU,1400,American IPA,34,Big Eye India Pale Ale,,,,
2162,35.0,IBU,2594,American Pale Ale (APA),33,,Surfrider,,,
3480,34.0,IBU,1562,English Brown Ale,33,,Grandma's Pecan,,,
892,101.0,IBU,1561,American Double / Imperial IPA,33,,Double Trunk,,,
1481,80.0,IBU,2596,American IPA,31,Heavy Lifting,,,,
4689,25.0,IBU,2073,Winter Warmer,30,,Winter Warmer (Vault Series),,,
916,99.0,IBU,2063,American Double / Imperial IPA,30,,Count Hopula (Vault Series),,,
1101,85.0,IBU,317,American IPA,30,Hop Shock IPA (2010),,,,
1947,45.0,IBU,285,American Pale Ale (APA),30,Devil’s Ale (2010),,,,
1988,45.0,IBU,764,American Pale Ale (APA),30,American Idiot Ale (2012),,,,
1998,45.0,IBU,850,American Pale Ale (APA),30,Devil’s Ale,,,,
1209,85.0,IBU,1071,American IPA,30,Hop Shock IPA,,,,
4612,35.0,IBU,1584,Smoked Beer,29,,Scruffy's Smoked Alt,,,
1388,70.0,IBU,2052,American IPA,29,,Dankosaurus,,,
937,90.0,IBU,2600,American Double / Imperial IPA,29,,Gone A-Rye,,,
2034,36.0,IBU,1182,American Pale Ale (APA),29,,Elliott's Phoned Home Pale Ale,,,
3446,22.0,IBU,2601,Dubbel,28,Deduction,,,,
3583,50.0,IBU,2218,English Strong Ale,27,,Ironman,,,
1483,45.0,IBU,2602,American IPA,27,,Citrafest,,,
1416,65.0,IBU,2219,American IPA,27,,Scarecrow,,,
3059,61.0,IBU,2432,Belgian IPA,26,,White Reaper,,,
574,23.0,IBU,2604,American Blonde Ale,26,,Blonde Czich,,,
3383,48.0,IBU,1967,Czech Pilsener,26,,General George Patton Pilsner,,,
1375,75.0,IBU,2000,American IPA,25,,Fistful of Hops Orange,,,
4548,23.0,IBU,2081,Scotch Ale / Wee Heavy,25,,Port Barrel Wee Mac ,,,
4539,30.0,IBU,584,Scotch Ale / Wee Heavy,25,,Wee Muckle (2011),,,
4363,75.0,IBU,1367,Russian Imperial Stout,25,,Bourbon Barrel Aged Timmie,,,
3612,55.0,IBU,1599,Extra Special / Strong Bitter (ESB),25,,Royal Brat,,,
16,29.0,IBU,2605,Altbier,25,,Tip Off,,,
1376,75.0,IBU,2001,American IPA,25,,Fistful Of Hops Red,,,
1373,75.0,IBU,1996,American IPA,25,,Fistful of Hops Green,,,
4544,30.0,IBU,1656,Scotch Ale / Wee Heavy,25,,Wee Muckle,,,
1374,75.0,IBU,1999,American IPA,25,,Fistful Of Hops Blue,,,
1259,77.0,IBU,1420,American IPA,25,,Grapefruit Jungle (GFJ),,,
3032,36.0,IBU,2083,Belgian Dark Ale,25,,Bourbon Barrel Batch 666: Sympathy for the Devil,,,
2051,50.0,IBU,1389,American Pale Ale (APA),25,,Osiris Pale Ale,,,
3431,24.0,IBU,698,Dortmunder / Export Lager,25,,Indians Victory Lager (2012),,,
3950,27.0,IBU,1128,Irish Dry Stout,25,,Ring of Dingle,,,
2785,23.0,IBU,2164,American Porter,25,,Cowbell,,,
855,91.0,IBU,651,American Double / Imperial IPA,25,,Isis,,,
4106,23.0,IBU,526,Märzen / Oktoberfest,25,,Sun King Oktoberfest (2011),,,
4108,23.0,IBU,874,Märzen / Oktoberfest,25,,Sun King Oktoberfest,,,
1133,77.0,IBU,532,American IPA,25,,Grapefruit Jungle (GFJ) (2011),,,
4336,24.0,IBU,923,Quadrupel (Quad),25,,The Velvet Fog,,,
1931,50.0,IBU,54,American Pale Ale (APA),25,,Osiris Pale Ale (2010),,,
4571,23.0,IBU,213,Scottish Ale,25,,Wee Mac Scottish-Style Ale,,,
4580,23.0,IBU,1127,Scottish Ale,25,,Bourbon Barrel Wee Mac,,,
3642,23.0,IBU,1366,Flanders Oud Bruin,25,,Stupid Sexy Flanders,,,
4549,30.0,IBU,2082,Scotch Ale / Wee Heavy,25,,Whip Fight,,,
4550,23.0,IBU,2084,Scotch Ale / Wee Heavy,25,,PV Muckle (2013),,,
3461,60.0,IBU,1049,English Barleywine,25,,Bourbon Barrel Johan,,,
3460,60.0,IBU,394,English Barleywine,25,,Johan the Barleywine,,,
3432,24.0,IBU,739,Dortmunder / Export Lager,25,,Indianapolis Indians Lager,,,
2152,40.0,IBU,2478,American Pale Ale (APA),24,Pale Alement,,,,
2115,40.0,IBU,2054,American Pale Ale (APA),24,,Pale Alement,,,
931,115.0,IBU,2471,American Double / Imperial IPA,24,Hopkick Dropkick,,,,
1403,86.0,IBU,2158,American IPA,24,,3:33 Black IPA,,,
2163,58.0,IBU,2609,American Pale Ale (APA),23,Tribute,,,,
1485,90.0,IBU,2610,American IPA,22,,The Gadget,,,
2164,37.0,IBU,2615,American Pale Ale (APA),21,,Pale,,,
2588,64.0,IBU,2617,American Pale Wheat Ale,21,,Citra Faced,,,
4265,31.0,IBU,2616,Oatmeal Stout,21,,Pole Barn Stout,,,
3215,27.0,IBU,2614,California Common / Steam Beer,21,,Yoshi's Nectar,,,
1487,46.0,IBU,2618,American IPA,20,,Thai.p.a,,,
4397,75.0,IBU,2620,Rye Beer,18,,Saucy Intruder,,,
1191,36.0,IBU,951,American IPA,17,,Alloy,,,
2750,50.0,IBU,949,American Porter,17,,3 Gear Robust Porter,,,
887,115.0,IBU,1449,American Double / Imperial IPA,17,,Overlord Imperial IPA,,,
4367,90.0,IBU,2621,Russian Imperial Stout,17,,Csar,,,
3963,22.0,IBU,950,Irish Red Ale,17,,Rivet Irish Red Ale,,,
3368,35.0,IBU,948,Czech Pilsener,17,,Circuit Bohemian Pilsner,,,
561,27.0,IBU,2284,American Blonde Ale,16,,Hinchtown Hammer Down,,,
1292,104.0,IBU,1610,American IPA,16,,Half Cycle IPA,,,
1234,42.0,IBU,1223,American IPA,15,All Day IPA,,,,
1282,65.0,IBU,1565,American IPA,15,Centennial IPA,,,,
4552,50.0,IBU,2625,Scotch Ale / Wee Heavy,15,Dirty Bastard,,,,
1488,72.0,IBU,2627,American IPA,14,Train Hopper,,,,
1489,35.0,IBU,2628,American IPA,13,Grapefruit IPA,,,,
1490,65.0,IBU,2630,American IPA,13,98 Problems (Cuz A Hop Ain't One),,,,
2166,40.0,IBU,2629,American Pale Ale (APA),13,Veteran’s Pale Ale (VPA),,,,
1491,47.0,IBU,2634,American IPA,12,Nordskye ,,,,
3651,30.0,IBU,2153,Foreign / Export Stout,12,North Third Stout,,,,
1267,51.0,IBU,1481,American IPA,12,51K IPA,,,,
1258,74.0,IBU,1402,American IPA,11,,Mind's Eye PA,,,
139,25.0,IBU,1404,American Amber / Red Ale,11,,North 45 Amber Ale,,,
2912,54.0,IBU,2639,American Stout,8,,Dark Star,,,
2804,35.0,IBU,2640,American Porter,7,,Peck's Porter,,,
4368,75.0,IBU,2644,Russian Imperial Stout,6,Yeti  Imperial Stout,,,,
1496,42.0,IBU,2658,American IPA,4,Villager,,,,
3330,30.0,IBU,2663,Cream Ale,3,,Grazias,,,
4023,28.0,IBU,2662,Kölsch,3,,Claritas,,,
4676,24.0,IBU,2666,Wheat Ale,3,,Jucundus,,,
939,100.0,IBU,2664,American Double / Imperial IPA,3,,Habitus,,,
940,100.0,IBU,2668,American Double / Imperial IPA,3,,Habitus (2014),,,
1497,85.0,IBU,2667,American IPA,3,,Solis,,,
1072,80.0,IBU,2671,American India Pale Lager,2,,Excess IPL,,,
1071,65.0,IBU,2670,American India Pale Lager,2,Hoponius Union,,,,
1070,45.0,IBU,2669,American India Pale Lager,2,Calyptra,,,,
3791,25.0,IBU,2682,German Pilsener,1,,Rules are Rules,,,
3462,80.0,IBU,2685,English Barleywine,1,,London Balling,,,
4467,38.0,IBU,2677,Saison / Farmhouse Ale,1,,Coq de la Marche,,,
2170,42.0,IBU,2683,American Pale Ale (APA),1,,A Beer,,,
1498,65.0,IBU,2675,American IPA,1,,Pile of Face,,,
4188,25.0,IBU,2684,Milk / Sweet Stout,1,,35 K,,,
941,68.0,IBU,2678,American Double / Imperial IPA,1,,Rico Sauvin,,,
942,68.0,IBU,2686,American Double / Imperial IPA,1,,Citra Ass Down,,,
4311,21.0,IBU,2681,Pumpkin Ale,1,,Flesh Gourd'n,,,
2805,25.0,IBU,2688,American Porter,0,,Stronghold,,,
1499,50.0,IBU,2692,American IPA,0,,Get Together,,,
4312,38.0,IBU,2689,Pumpkin Ale,0,,Pumpion,,,
3621,47.0,IBU,2687,Extra Special / Strong Bitter (ESB),0,,Parapet ESB,,,
4189,26.0,IBU,2691,Milk / Sweet Stout,0,,Maggie's Leap,,,
